PerfomanceTest_DEV,2020.06.02 02:26:14,2020.06.02 09:53:12,07:26:58
PerfomanceTest_2.6,2020.06.02 10:03:47,2020.06.02 17:37:47,07:34:00
PerfomanceTest_DEV,2020.06.02 18:08:22,2020.06.03 01:14:12,07:05:50
PerfomanceTest_2.6,2020.06.03 01:24:50,2020.06.03 08:52:10,07:27:20
PerfomanceTest_DEV,2020.06.03 09:22:46,2020.06.03 16:30:17,07:07:31
PerfomanceTest_2.6,2020.06.03 16:41:00,2020.06.04 00:04:03,07:23:03
PerfomanceTest_DEV,2020.06.04 12:59:34,2020.06.04 19:52:41,06:53:07
PerfomanceTest_2.6,2020.06.04 20:03:22,2020.06.05 03:56:40,07:53:18
PerfomanceTest_DEV,2020.06.05 04:27:14,2020.06.05 11:19:36,06:52:22
PerfomanceTest_2.6,2020.06.05 11:30:02,2020.06.05 18:56:23,07:26:21
PerfomanceTest_DEV,2020.06.05 19:26:57,2020.06.06 02:15:59,06:49:02
PerfomanceTest_2.6,2020.06.06 02:26:41,2020.06.06 10:00:36,07:33:55
PerfomanceTest_DEV,2020.06.17 19:03:52,2020.06.17 19:03:57,00:00:05
PerfomanceTest_2.6,2020.06.17 19:04:03,2020.06.17 19:04:08,00:00:05
PerfomanceTestDrops_DEV,2020.06.17 19:06:03,2020.06.17 19:06:08,00:00:05
PerfomanceTestRocks_DEV,2020.06.17 19:06:09,2020.06.17 19:06:14,00:00:05
PerfomanceTest_DEV,2020.06.17 19:06:14,2020.06.17 19:06:19,00:00:05
PerfomanceTestDrops_2.6,2020.06.17 19:06:25,2020.06.17 19:06:30,00:00:05
PerfomanceTestRocks_2.6,2020.06.17 19:06:30,2020.06.17 19:06:35,00:00:05
PerfomanceTest_2.6,2020.06.17 19:06:35,2020.06.17 19:06:40,00:00:05
PerfomanceTestDrops_DEV,2020.06.17 19:08:21,2020.06.17 19:08:26,00:00:05
PerfomanceTest_DEV,2020.06.17 19:15:30,2020.06.17 19:15:35,00:00:05
PerfomanceTest_2.6,2020.06.17 19:15:41,2020.06.17 19:15:46,00:00:05
PerfomanceTest_DEV,2020.06.17 19:15:51,2020.06.17 19:15:56,00:00:05
PerfomanceTest_2.6,2020.06.17 19:16:02,2020.06.17 19:16:07,00:00:05
PerfomanceTest_DEV,2020.06.17 19:16:12,2020.06.17 19:16:17,00:00:05
PerfomanceTest_2.6,2020.06.17 19:16:23,2020.06.17 19:16:28,00:00:05
PerfomanceTest_DEV,2020.06.17 19:16:33,2020.06.17 19:16:38,00:00:05
PerfomanceTest_2.6,2020.06.17 19:16:44,2020.06.17 19:16:49,00:00:05
PerfomanceTestRocks_DEV,2020.06.18 11:14:47,2020.06.18 11:14:54,00:00:07
PerfomanceTestRocks_DEV,2020.06.18 11:48:57,2020.06.18 11:49:03,00:00:06
PerfomanceTestRocks_DEV,2020.06.18 18:22:40,2020.06.18 18:22:51,00:00:11
PerfomanceTestRocks_DEV,2020.06.18 18:23:21,2020.06.18 18:23:30,00:00:09
PerfomanceTest_DEV,2020.06.24 01:24:44,2020.06.24 01:24:49,00:00:05,0.0833333333333333
PerfomanceTest_2.6,2020.06.24 01:24:49,2020.06.24 01:24:54,00:00:05,0.0833333333333333
PerfomanceTest_DEV,2020.06.24 11:27:02,2020.06.24 11:27:07,,0.08
PerfomanceTest_2.6,2020.06.24 11:27:07,2020.06.24 11:27:12,,0.08
PerfomanceTest_DEV,2020.06.24 11:28:12,2020.06.24 11:28:17,,0.08
PerfomanceTest_2.6,2020.06.24 11:28:17,2020.06.24 11:28:22,,0.08
PerfomanceTestRocks_DEV,2020.06.24 11:29:50,2020.06.24 11:29:55,,0.08
PerfomanceTestRocks_DEV,2020.06.24 11:30:01,2020.06.24 11:30:06,,0.08
PerfomanceTestRocks_DEV,2020.06.24 11:47:40,2020.06.24 11:47:45,00:00:05.0068463,0.08
PerfomanceTestRocks_DEV,2020.06.24 11:47:51,2020.06.24 11:47:56,00:00:05.0060014,0.08
PerfomanceTestRocks_DEV,2020.06.24 11:50:02,2020.06.24 11:50:07,,0.08
PerfomanceTestRocks_DEV,2020.06.24 11:50:13,2020.06.24 11:50:18,,0.08
PerfomanceTestRocks_DEV,2020.06.24 11:55:38,2020.06.24 11:55:43,,0
PerfomanceTestRocks_DEV,2020.06.24 11:55:50,2020.06.24 11:55:55,,0
PerfomanceTestRocks_DEV,2020.06.24 12:00:03,2020.06.24 12:00:08,00:00:05,0.08
PerfomanceTestRocks_DEV,2020.06.24 12:00:14,2020.06.24 12:00:19,00:00:05,0.08
PerfomanceTestRocks_DEV,2020.06.24 12:04:35,2020.06.24 12:04:40,00:00:05,0.08
PerfomanceTestRocks_DEV,2020.06.24 12:04:46,2020.06.24 12:04:51,00:00:05,0.08
PerfomanceTestRocks_DEV,2020.06.24 12:13:38,2020.06.24 12:13:43,00:00:05,0.08
PerfomanceTestRocks_DEV,2020.06.24 12:13:50,2020.06.24 12:13:55,00:00:05,0.08
PerfomanceTestRocks_DEV,2020.06.24 12:15:25,2020.06.24 12:15:30,00:00:05,0.08
PerfomanceTestRocks_DEV,2020.06.24 12:15:36,2020.06.24 12:15:41,00:00:05,0.08
PerfomanceTestRocks_DEV,2020.06.24 12:46:24,2020.06.24 12:46:29,00:00:05,0.08
PerfomanceTestRocks_DEV,2020.06.24 12:46:36,2020.06.24 12:54:25,00:07:49,7.82
PerfomanceTestRocks_DEV,2020.06.24 12:54:36,2020.06.24 12:54:41,00:00:05,0.08
PerfomanceTestRocks_DEV,2020.06.24 12:55:47,2020.06.24 12:55:52,00:00:05,0.08
PerfomanceTestRocks_DEV,2020.06.24 12:58:16,2020.06.24 12:58:21,00:00:05,0.08
PerfomanceTestRocks_DEV,2020.06.24 12:59:10,2020.06.24 12:59:15,00:00:05,0.08
PerfomanceTestRocks_DEV,2020.06.24 16:36:40,2020.06.24 16:36:45,00:00:05,0.08
PerfomanceTestRocks_DEV,2020.06.24 16:41:11,2020.06.24 16:41:16,00:00:05,0.08
PerfomanceTestRocks_DEV,2020.06.24 16:46:46,2020.06.24 16:46:51,00:00:05,0.08
PerfomanceTestRocks_DEV,2020.06.24 16:47:39,2020.06.24 16:47:44,00:00:05,0.08
PerfomanceTest_DEV,2020.07.09 02:46:38,2020.07.09 02:46:45,00:00:07,0.12
PerfomanceTest_DEV,2020.07.09 10:07:20,2020.07.09 10:07:25,00:00:05,0.08
